<?xml version="1.0" encoding="UTF-8" standalone="yes"?>
<OfficeApp xmlns="http://schemas.microsoft.com/office/appforoffice/1.1" xmlns:xsi="http://www.w3.org/2001/XMLSchema-instance" xmlns:bt="http://schemas.microsoft.com/office/officeappbasictypes/1.0" xmlns:ov="http://schemas.microsoft.com/office/taskpaneappversionoverrides" xsi:type="TaskPaneApp">
  <Id>39b447e5-0783-4990-a4d8-0aba49efb765</Id>
  <Version>1.0.0.0</Version>
  <ProviderName>BRIKNOW</ProviderName>
  <DefaultLocale>en-US</DefaultLocale>
  <DisplayName DefaultValue="Briknow Add-in"/>
  <Description DefaultValue="Add In For BRI Knowledge"/>
  <IconUrl DefaultValue="assets/bri.png"/>
  <HighResolutionIconUrl DefaultValue="https://addins.pahamit.com/word/assets/icon-64.png"/>
  <AppDomains>
    <SupportUrl DefaultValue="[Insert the URL of a page that provides support information for the app]" />
    <AppDomain>https://www.contoso.com</AppDomain>
  </AppDomains>
  <Hosts>
    <Host Name="Document"/>
  </Hosts>
  <DefaultSettings>
    <SourceLocation DefaultValue="https://addins.pahamit.com/word/src/Page/Login.html"/>
  </DefaultSettings>
  <Permissions>ReadWriteDocument</Permissions>
  <VersionOverrides xmlns="http://schemas.microsoft.com/office/taskpaneappversionoverrides" xsi:type="VersionOverridesV1_0">
    <Hosts>
      <Host xsi:type="Document">
        <DesktopFormFactor>
          <GetStarted>
            <Title resid="GetStarted.Title"/>
            <Description resid="GetStarted.Description"/>
            <LearnMoreUrl resid="GetStarted.LearnMoreUrl"/>
          </GetStarted>
          <FunctionFile resid="Commands.Url"/>
          <FunctionFile resid="Home.Url"/>
          <FunctionFile resid="Download.Url"/>
          <FunctionFile resid="Detail.Url"/>
          <ExtensionPoint xsi:type="PrimaryCommandSurface">
            <OfficeTab id="TabHome">
              <Group id="CommandsGroup">
                <Label resid="CommandsGroup.Label"/>
                <Icon>
                  <bt:Image size="16" resid="Icon.16x16"/>
                  <bt:Image size="32" resid="Icon.32x32"/>
                  <bt:Image size="80" resid="Icon.80x80"/>
                </Icon>
                <Control xsi:type="Button" id="TaskpaneButton">
                  <Label resid="TaskpaneButton.Label"/>
                  <Supertip>
                    <Title resid="TaskpaneButton.Label"/>
                    <Description resid="TaskpaneButton.Tooltip"/>
                  </Supertip>
                  <Icon>
                    <bt:Image size="16" resid="Icon.16x16"/>
                    <bt:Image size="32" resid="Icon.32x32"/>
                    <bt:Image size="80" resid="Icon.80x80"/>
                  </Icon>
                  <Action xsi:type="ShowTaskpane">
                    <TaskpaneId>ButtonId1</TaskpaneId>
                    <SourceLocation resid="Taskpane.Url"/>
                  </Action>
                </Control>
              </Group>
            </OfficeTab>
          </ExtensionPoint>
        </DesktopFormFactor>
      </Host>
    </Hosts>
    <Resources>
      <bt:Images>
        <bt:Image id="Icon.16x16" DefaultValue="https://addins.pahamit.com/word/assets/bri 16x16.png"/>
        <bt:Image id="Icon.32x32" DefaultValue="https://addins.pahamit.com/word/assets/bri.png"/>
        <bt:Image id="Icon.80x80" DefaultValue="https://addins.pahamit.com/word/assets/bri 80x80.png"/>
      </bt:Images>
      <bt:Urls>
        <bt:Url id="GetStarted.LearnMoreUrl" DefaultValue="https://go.microsoft.com/fwlink/?LinkId=276812"/>
        <bt:Url id="Commands.Url" DefaultValue="https://addins.pahamit.com/word/src/Page/commands.html"/>
        <bt:Url id="Taskpane.Url" DefaultValue="https://addins.pahamit.com/word/src/Page/Login.html"/>
        <bt:Url id="Home.Url" DefaultValue="https://addins.pahamit.com/word/src/Page/Home.html"/>
        <bt:Url id="Download.Url" DefaultValue="https://addins.pahamit.com/word/src/Page/Download.html"/>
        <bt:Url id="Detail.Url" DefaultValue="https://addins.pahamit.com/word/src/Page/Detail.html"/>
      </bt:Urls>
      <bt:ShortStrings>
        <bt:String id="GetStarted.Title" DefaultValue="BRI Knowledge"/>
        <bt:String id="CommandsGroup.Label" DefaultValue="Add-in"/>
        <bt:String id="TaskpaneButton.Label" DefaultValue="BRI Knowledge"/>
      </bt:ShortStrings>
      <bt:LongStrings>
        <bt:String id="GetStarted.Description" DefaultValue="Klik Fitur Berikut untuk menikmati Pencarian Data Project dari Website BRI KNOW"/>
        <bt:String id="TaskpaneButton.Tooltip" DefaultValue="Click to Show a Taskpane"/>
      </bt:LongStrings>
    </Resources>
  </VersionOverrides>
</OfficeApp>